,Supplier_Lead_Time,Inventory_Levels,Order_Frequency,Delivery_Performance,Cost_Per_Unit
Supplier_Lead_Time,1.0,0.2621286835348475,-0.9062671185991052,-0.9037083858939616,0.9642586863921274
Inventory_Levels,0.2621286835348475,1.0,-0.26323468189310006,-0.20867367518532703,0.2729955084832968
Order_Frequency,-0.9062671185991052,-0.26323468189310006,1.0,0.851283892694903,-0.8787658940302482
Delivery_Performance,-0.9037083858939616,-0.20867367518532703,0.851283892694903,1.0,-0.9048202156699358
Cost_Per_Unit,0.9642586863921274,0.2729955084832968,-0.8787658940302482,-0.9048202156699358,1.0
